{
  "project_info": {
    "project_number": "496035730273",
    "project_id": "razvivashka-8bcd4",
    "storage_bucket": "razvivashka-8bcd4.appspot.com"
  },
  "client": [
    {
      "client_info": {
        "mobilesdk_app_id": "1:496035730273:android:d634401c2b88031c8b2b20",
        "android_client_info": {
          "package_name": "com.example.razvivaska_plahova"
        }
      },
      "oauth_client": [],
      "api_key": [
        {
          "current_key": "AIzaSyDGfPGwzw6Y82TSBmKHJ59cULYKvR97zO4"
        }
      ],
      "services": {
        "appinvite_service": {
          "other_platform_oauth_client": []
        }
      }
    }
  ],
  "configuration_version": "1"
}